{"baseURL": "https://ph.parker.com/us/en/aerospace-systems-and-technologies", "careersURL": "https://parkercareers.ttcportals.com/search/jobs?q=engineering&location_country=United+States&location_state=MI&location_country=United+States&location_state=MI&ns_location=Michigan%2C+USA", "jobX": "//*[contains(concat( \" \", @class, \" \" ), concat( \" \", \"jobs-section__item\", \" \" ))]//a", "locationX": "//*[contains(concat( \" \", @class, \" \" ), concat( \" \", \"jobs-section__item\", \" \" ))]//*[contains(concat( \" \", @class, \" \" ), concat( \" \", \"large-4\", \" \" ))]", "nextPageX": "", "useDriver": true, "company": "Aerospace Systems and Technologies"}