{"baseURL": "https://gta.jobs/", "careersURL": "https://www1.jobdiva.com/portal/?a=txjdnw6kvmsahwi6y35n9w5yweybvz012a3cwvb56e2sehvhsssjiq8ecqakbd8z&compid=0#/", "jobX": "//*[contains(concat( \" \", @class, \" \" ), concat( \" \", \"clickable\", \" \" )) and contains(concat( \" \", @class, \" \" ), concat( \" \", \"can-hover\", \" \" ))]", "locationX": "//*[contains(concat( \" \", @class, \" \" ), concat( \" \", \"job-row-d-xs\", \" \" ))]//*[contains(concat( \" \", @class, \" \" ), concat( \" \", \"job-row-d-xs\", \" \" ))]", "company": "Global Technology Associates", "nextPageX": "", "useDriver": "on"}