{"baseURL": "https://www.kellyservices.us/us", "careersURL": "https://kellyservices.force.com/kellycareernetwork/s/search-results?c__keyword=undefined&c__Location=Michigan&c__Radius=25&c__lat=undefined&c__long=undefined&language=en_US&utm_source=kelly-us&utm_content=nav-usjobsearch_kcnlink_&utm_campaign=unpaid_b2c_always-on&utm_medium=kelly-site-referral&source=", "jobX": "//html/body/div[3]/div[2]/div/div/div[4]/div/div[3]/div[1]/div/div/div/div/div/div/div[1]/div/span/a", "locationX": "//span[@class='kcn-location-type']", "company": "Kelly Services", "nextPageX": "", "useDriver": "on"}